id,code,name,between,stop_to,grant_receive,concessionaire,start_date
waybill_codigo_derecho_paso_00,CDP001,D-1,Torreon (Km. DA-251+000) ,Villa Juarez (Km. DA-238+000),Recibe,"Via ferrea del Noroeste (Actualmente Kansas City Southern de Mexico, S.A de C.V.)",2021-06-01
waybill_codigo_derecho_paso_01,CDP002,D-1,Torreon (Km. DA-251+000),Villa Juarez (Km. DA-238+000),Otorga,"Via ferrea Pacifico-Norte (actualmente Ferrocarril Mexicano, S.A. de C.V.)",2021-06-01
waybill_codigo_derecho_paso_02,CDP003,DPL-1,Mariscala (Km. A-263+922),Guadalajara (Km. I-259+500),Otorga,"Via ferrea del Noroeste (Actualmente Kansas City Southern de Mexico, S.A de C.V.)",2021-06-01
waybill_codigo_derecho_paso_03,CDP004,DPL-1,Mariscala (Km. A-263+922),Guadalajara (Km. I-259+500) Asi como en el tramo comprendido entre los kilometros T-1763+960 y T-1760+000,Recibe," Via ferrea Pacifico-Norte (actualmente Ferrocarril Mexicano, S.A. de C.V.)",2021-06-01
waybill_codigo_derecho_paso_04,CDP005,DPL-2,Viborillas (Km. BC-8+756),Encantada (Km.B-892+875),Recibe,"Via ferrea del Noroeste (Actualmente Kansas City Southern de Mexico, S.A de C.V.)",2021-06-01
waybill_codigo_derecho_paso_05,CDP006,DPL-2,Viborillas (Km. BC-8+756),Encantada (Km. B-892+875),Otorga," Via ferrea Pacifico-Norte (actualmente Ferrocarril Mexicano, S.A. de C.V.)",2021-06-01
waybill_codigo_derecho_paso_06,CDP007,IT-1,Medias Aguas (Km. Z-95+928 = G-299+869),Salina Cruz (Km. Z-303+304),Recibe," Via corta del Istmo de Tehuantepec (actualmente  Ferrocariil del Istmo de Tehuantepec, S.A. de C.V.)",2021-06-01
waybill_codigo_derecho_paso_07,CDP008,IT-2,Medias Aguas  (Km. Z-95 y 928 = G-299+869),Conexion Dto. Arriaga (Km. Z-254+200),Recibe," Via ferrea del Istmo de Tehuantepec (actualmente Ferrocarril del Itsmo de Tehuantepec, S.A. de C.V.)",2021-06-01
waybill_codigo_derecho_paso_08,CDP009,IT-3,Medias Aguas  (Km. Z-95 y 928 = G-299+869),Conexion Dto. Arriaga (Km. Z-254+200),Recibe," Via ferrea del Istmo de Tehuantepec (actualmente Ferrocarril del Itsmo de Tehuantepec, S.A. de C.V.)",2021-06-01
waybill_codigo_derecho_paso_09,CDP010,IT-4,Lagunas (Z-212+000),Conexion Dto. Arriaga (Km. Z-254+200),Recibe," Via ferrea del Istmo de Tehuantepec (actualmente Ferrocarril del Itsmo de Tehuantepec, S.A. de C.V.)",2021-06-01
waybill_codigo_derecho_paso_10,CDP011,IT-5,Salina Cruz (Km. Z-303+304),Conexion Dto. Arriaga (Km. Z-254+600,Recibe," Via ferrea del Istmo de Tehuantepec (actualmente Ferrocarril del Itsmo de Tehuantepec, S.A. de C.V.)",2021-06-01
waybill_codigo_derecho_paso_11,CDP012,IT-6,Conexion Dto. Arriaga (Km. Z-254+600),Ixtepec (KM. Z-257+000),Recibe," Via ferrea del Istmo de Tehuantepec (actualmente Ferrocarril del Itsmo de Tehuantepec, S.A. de C.V.)",2021-06-01
waybill_codigo_derecho_paso_12,CDP013,IT-7,Medias Aguas  (Km. Z-95 y 928 = G-299+869),Salina Cruz (Km. Z-303+304),Recibe,"Via ferrea del Istmo de Tehuantepec (actualmente Ferrocarril del Itsmo de Tehuantepec, S.A. de C.V.) ",2021-06-01
waybill_codigo_derecho_paso_13,CDP014,N-1,Topo Grande (Km. M-528+000),Patio Monterrey Carga-Cerro La Silla (Km. M-500+000),Recibe,"Via ferrea del Noroeste (Actualmente Kansas City Southern de Mexico, S.A de C.V.)",2021-06-01
waybill_codigo_derecho_paso_14,CDP015,N-1,Topo Grande (Km. M-528+000),Patio Monterrey Carga -Cerro La Silla (Km. M-500+000),Otorga," Via ferrea Pacifico-Norte (actualmente Ferrocarril Mexicano, S.A. de C.V.)",2021-06-01
waybill_codigo_derecho_paso_15,CDP016,N-10,Buenavista (Km. Juarez 1+000 / Morelos 1+000),Lecheria (Km. Juarez 24+000 / Morelos 24+000),Otorga," Via ferrea Pacifico-Norte (actualmente Ferrocarril Mexicano, S.A. de C.V.)",2021-06-01
waybill_codigo_derecho_paso_16,CDP017,N-10,Buenavista (Km. Juarez-1+000 = Morelos-1+000),Lecheria (Km. Juarez-24+000 = Morelos 24+000),Recibe," Via ferrea del Noreste (actualmente Kansas City Southern de Mexico, S.A. de C.V.)",2021-06-01
waybill_codigo_derecho_paso_17,CDP018,N-11,Buenavista (Km. Juarez 1+000 / Morelos 1+000),Cortavia Juarez-45+712 = Morelos-45+712,Otorga," Via ferrea Pacifico-Norte (actualmente Ferrocarril Mexicano, S.A. de C.V.)",2021-06-01
waybill_codigo_derecho_paso_18,CDP019,N-11,Buenavista (Km. Juarez-1+100 / Morelos-1+100),Cortavia Juarez-45+712 = Morelos -45+712,Recibe,"Via ferrea del Noreste (actualmente Kansas City Southern de Mexico, S.A. de C.V.)",2021-06-01
waybill_codigo_derecho_paso_19,CDP020,N-12,Tramos que se requieran para que los trenes uti.icen el patio de San Lorenzo,Patio de San Lorenzo,Otorga,Via Ferrea del sur,2021-06-01
waybill_codigo_derecho_paso_20,CDP021,N-12,Tramos que se requieran para que los trenes uti.icen el patio de San Lorenzo,Patio de San Lorenzo,Otorga,Via Ferrea de Hidalgo,2021-06-01
waybill_codigo_derecho_paso_21,CDP022,N-13,Lecheria (Juarez -19+415 = Morelos-19+549),Buenavista (Km. Juarez-1+000 = Morelos-1+000),Otorga," Via ferrea Pacifico-Norte (actualmente Ferrocarril Mexicano, S.A. de C.V.)",2021-06-01
waybill_codigo_derecho_paso_22,CDP023,N-14,Buenavista (Km. Juarez 1+000 = Morelos-1+000),Terminal de Valle de Mexico  (Km. Juarez-10+470 = Morelos-10+596),Otorga," Via ferrea Pacifico-Norte (actualmente Ferrocarril Mexicano, S.A. de C.V.)",2021-06-01
waybill_codigo_derecho_paso_23,CDP024,N-15,Kms. V-217+026 = VB-189+027,V-219+100,Otorga," Via ferrea Pacifico-Norte (actualmente Ferrocarril Mexicano, S.A. de C.V.)",2021-06-01
waybill_codigo_derecho_paso_24,CDP025,N-15,Kms. V-217+026 = VB-189+027,Km. V-219+100,Recibe," Via ferrea del Noreste (actualmente Kansas City Southern de Mexico, S.A. de C.V.)",2021-06-01
waybill_codigo_derecho_paso_25,CDP026,N-17,San Juan del Rio (Km. AL -0+000),San Nicolas (Km. AL-11+245 = B-213+000),Recibe,"Via ferrea del Noroeste (Actualmente Kansas City Southern de Mexico, S.A de C.V.)",2021-06-01
waybill_codigo_derecho_paso_26,CDP027,N-17,San Juan del Rio (Km. AL -0+000),San Nicolas (Km. AL-11+245 = B-213+000),Otorga," Via ferrea Pacifico-Norte (actualmente Ferrocarril Mexicano, S.A. de C.V.)",2021-06-01
waybill_codigo_derecho_paso_27,CDP028,N-18,La Griega (Km. B-251+535 = Morelos 227+438) ,Huehuetoca (Km. Juarez -43+724 / Morelos -43+724),Recibe,"Via ferrea del Noroeste (Actualmente Kansas City Southern de Mexico, S.A de C.V.)",2021-06-01
waybill_codigo_derecho_paso_28,CDP029,N-18,La Griega (Km. B-251+535 = Morelos 227+438) ,Huehuetoca (Km. Juarez -43+724 / Morelos -43+724),Otorga," Via ferrea Pacifico-Norte (actualmente Ferrocarril Mexicano, S.A. de C.V.)",2021-06-01
waybill_codigo_derecho_paso_29,CDP030,N-2,Apodaca (Km. F-17+000),Conexion  Distrito Matamoros (Km. F-0+000 = B-1029+026 ) - Km. B-1027+080,Recibe,"Via ferrea del Noroeste (Actualmente Kansas City Southern de Mexico, S.A de C.V.)",2021-06-01
waybill_codigo_derecho_paso_30,CDP031,N-2,Apodaca (Km. F-17+000),Conexion Distrito Matamoros (Km. F-0+000 = B1029+026) -kilometro  B-1027+080,Otorga," Via ferrea Pacifico-Norte (actualmente Ferrocarril Mexicano, S.A. de C.V.)",2021-06-01
waybill_codigo_derecho_paso_31,CDP032,N-20,Santa Fe (v-454+600),Jalapa (V-338+600),Otorga," Via ferrea Pacifico-Norte (actualmente Ferrocarril Mexicano, S.A. de C.V.)",2021-06-01
waybill_codigo_derecho_paso_32,CDP033,N-3,Monterrey Carga Km. B-1027+060,Leona Km. B-1009+000,Recibe,"Via ferrea del Noroeste (Actualmente Kansas City Southern de Mexico, S.A de C.V.)",2021-06-01
waybill_codigo_derecho_paso_33,CDP034,N-3,"Monterrey Carga, Km. B-1027+060","Leona, Km. B-1009+000",Otorga," Via ferrea Pacifico-Norte (actualmente Ferrocarril Mexicano, S.A. de C.V.)",2021-06-01
waybill_codigo_derecho_paso_34,CDP035,N-4,Tampico (Km. L-665+000),arbol Grande (Km. L-672+419 = M-4+128)- Do\xc3\xb1a Cecilia (Km. L-674+000),Recibe,"Via ferrea del Noroeste (Actualmente Kansas City Southern de Mexico, S.A de C.V.)",2021-06-01
waybill_codigo_derecho_paso_35,CDP036,N-4,Tampico (Km. L-665+000),arbol Grande (Km. L-672+419 = M-4+128)- Do\xc3\xb1a Cecilia (Km L-674+000),Otorga," Via ferrea Pacifico-Norte (actualmente Ferrocarril Mexicano, S.A. de C.V.)",2021-06-01
waybill_codigo_derecho_paso_36,CDP037,N-5,Ramos Arizpe (Km. B-929+007 = R-424+650),Encantada (Km.B-892+875),Recibe,"Via ferrea del Noroeste (Actualmente Kansas City Southern de Mexico, S.A de C.V.)",2021-06-01
waybill_codigo_derecho_paso_37,CDP038,N-5,Ramos Arizpe Km. B-929+007 = R-424+650,Encantada (Km. B-892+875),Otorga," Via ferrea Pacifico-Norte (actualmente Ferrocarril Mexicano, S.A. de C.V.)",2021-06-01
waybill_codigo_derecho_paso_38,CDP039,N-6,Vias Juarez y Morelos  de la doble via electrificada entre la  La Griega (Km. Morelos -227+438 = B-251+535),Mariscala (Km. B-285+922 = A-263+922),Recibe,"Via ferrea del Noroeste (Actualmente Kansas City Southern de Mexico, S.A de C.V.)",2021-06-01
waybill_codigo_derecho_paso_39,CDP040,N-6,Vias Juarez y  Morelos  de la doble via electrificada entre  La Griega (Km. Morelos -227+438 = B-251+535) ,Mariscala (Km. B-285+922 = A-263+922) ,Otorga," Via ferrea Pacifico-Norte (actualmente Ferrocarril Mexicano, S.A. de C.V.)",2021-06-01
waybill_codigo_derecho_paso_40,CDP041,N-6,Via Juarez del Km. B-265+078.35 = J-240+817.73,Km. B-285 + 861 = JM-262+094.30,Otorga," Via ferrea Pacifico-Norte (actualmente Ferrocarril Mexicano, S.A. de C.V.)",2021-06-01
waybill_codigo_derecho_paso_41,CDP042,N-7,Celaya (Km. NB-68+692),Escobedo (Km. B-315+000),Recibe,"Via ferrea del Noroeste (Actualmente Kansas City Southern de Mexico, S.A de C.V.)",2021-06-01
waybill_codigo_derecho_paso_42,CDP043,N-7,Celaya (Km. NB-68+692 ,Escobedo (Km. B-315+000),Otorga," Via ferrea Pacifico-Norte (actualmente Ferrocarril Mexicano, S.A. de C.V.)",2021-06-01
waybill_codigo_derecho_paso_43,CDP044,N-8,Teotihuacan (Km. VS-0+695),"Empalme Linea ""V"" (Km. 18+781 = VK-24+883)",Otorga," Via ferrea Pacifico-Norte (actualmente Ferrocarril Mexicano, S.A. de C.V.)",2021-06-01
waybill_codigo_derecho_paso_44,CDP045,N-8,Teotihuacan (Km. VS-0+695),"Empalme linea ""V"" (Km. V-18+781 = VK-24+883)",Recibe," Via ferrea del Noreste (actualmente Kansas City Southern de Mexico, S.A. de C.V.)",2021-06-01
waybill_codigo_derecho_paso_45,CDP046,N-9,Buenavista (Km. Juarez 1+000 / Morelos 1+000),Huehuetoca (Juarez -43+724 / Morelos -43+724),Recibe,"Via ferrea del Noroeste (Actualmente Kansas City Southern de Mexico, S.A de C.V.)",2021-06-01
waybill_codigo_derecho_paso_46,CDP047,N-9,Buenavista (Km. Juarez 1+000 / Morelos 1+000),Huehueteca (Juarez-43+724 / Morelos-43+724),Otorga," Via ferrea Pacifico-Norte (actualmente Ferrocarril Mexicano, S.A. de C.V.)",2021-06-01
waybill_codigo_derecho_paso_47,CDP048,PN-1,Tabaloapa,Chihuahua,Otorga,"Via ferrea del Noroeste (Actualmente Kansas City Southern de Mexico, S.A de C.V.)",2021-06-01
waybill_codigo_derecho_paso_48,CDP049,PN-10,arbol Grande (Km. M-4+128 = L-672+419),Altamira (Km. M-27+571),Otorga,"Via ferrea del Noroeste (Actualmente Kansas City Southern de Mexico, S.A de C.V.)",2021-06-01
waybill_codigo_derecho_paso_49,CDP050,PN-10,arbol Grande (Km. M-4+128 = L-672+419),Altamira (Km. M-27+571),Recibe," Via ferrea Pacifico-Norte (actualmente Ferrocarril Mexicano, S.A. de C.V.)",2021-06-01
waybill_codigo_derecho_paso_50,CDP051,PN-11,Arellano (Km. A-574+000),Chicalote (Km. L-14+320 = A-599+320),Otorga,"Via ferrea del Noroeste (Actualmente Kansas City Southern de Mexico, S.A de C.V.)",2021-06-01
waybill_codigo_derecho_paso_51,CDP052,PN-11,Arellano (Km. A-574+000),Chicalote (Km. L-14+320 = A-599+320),Recibe," Via ferrea Pacifico-Norte (actualmente Ferrocarril Mexicano, S.A. de C.V.)",2021-06-01
waybill_codigo_derecho_paso_52,CDP053,PN-12,Viborillas (Km. BC-8+756),Huehuetoca (Km. B-49+000),Otorga,"Via ferrea del Noroeste (Actualmente Kansas City Southern de Mexico, S.A de C.V.)",2021-06-01
waybill_codigo_derecho_paso_53,CDP054,PN-12,Viborillas (Km. BC-8+756),Huehuetoca (Km. B-49+000),Recibe," Via ferrea Pacifico-Norte (actualmente Ferrocarril Mexicano, S.A. de C.V.)",2021-06-01
waybill_codigo_derecho_paso_54,CDP055,PN-13,Sabinas (Km. R-115+000),Ciudad Frontera (Km. R-240+443),Otorga,"Via ferrea del Noroeste (Actualmente Kansas City Southern de Mexico, S.A de C.V.)",2021-06-01
waybill_codigo_derecho_paso_55,CDP056,PN-13,Sabinas (Km. R-115+000),Ciudad Frontera (Km. R-240+443),Otorga,"Via troncal Pacifico-Norte (actualmente Ferrocarril Mexicano, S.A. de C.V.)",2021-06-01
waybill_codigo_derecho_paso_56,CDP057,PN-14,"Linea  Divisoria Nogales, Son. - Nogales, AZ. (Km. TA-0+000 al  TA-0+500, Y T-0+000) ",Nogales (Km. T-8+000),Otorga,"Via ferrea del Noroeste (Actualmente Kansas City Southern de Mexico, S.A de C.V.)",2021-06-01
waybill_codigo_derecho_paso_57,CDP058,PN-14,kilometros TA-O+000 al TA-0+500,"kilometros T-0+000 (Linea divisoria Nogales, Son.-Nogales, Az.)  al  T-8+000 (Nogales)",Recibe," Via troncal Pacifico-Norte (actualmente Ferrocarril Mexicano, S.A. de C.V.)",2021-06-01
waybill_codigo_derecho_paso_58,CDP059,PN-15,Nogales,Guaymas,Otorga,"Via ferrea del Noroeste (Actualmente Kansas City Southern de Mexico, S.A de C.V.)",2021-06-01
waybill_codigo_derecho_paso_59,CDP060,PN-15,Nogales   ,Guaymas ,Recibe," Via troncal Pacifico-Norte (actualmente Ferrocarril Mexicano, S.A. de C.V.)",2021-06-01
waybill_codigo_derecho_paso_60,CDP061,PN-17,Torreon (A-1131+750),Escalon (A-1298+130 = RD-338+174),Otorga,"Via ferrea del Noroeste (Actualmente Kansas City Southern de Mexico, S.A de C.V.)",2021-06-01
waybill_codigo_derecho_paso_61,CDP062,PN-17,Torreon (A1131+750),Escalon (A-1298+130 = RD-338+174,Otorga,"Via troncal Pacifico-Norte (actualmente Ferrocarril Mexicano, S.A. de C.V.)",2021-06-01
waybill_codigo_derecho_paso_62,CDP063,PN-2,Chihuahua (Km. A-1615+000),Ciudad Juarez (Km. A-1974+406 puente internacional Ferrocarril Burlington Northern / Santa Fe).,Otorga,"Via ferrea del Noroeste (Actualmente Kansas City Southern de Mexico, S.A de C.V.)",2021-06-01
waybill_codigo_derecho_paso_63,CDP064,PN-5,T-741+000,T-741+650,Otorga,"Via ferrea del Noroeste (Actualmente Kansas City Southern de Mexico, S.A de C.V.)",2021-06-01
waybill_codigo_derecho_paso_64,CDP065,PN-7,Pedro  C. Morales (Km. M-477+000),Cerro La Silla (Km. M-500+000),Otorga,"Via ferrea del Noroeste (Actualmente Kansas City Southern de Mexico, S.A de C.V.)",2021-06-01
waybill_codigo_derecho_paso_65,CDP066,PN-7,Pedro C Morales (Km. M-477+000),Cerro la Silla (Km. M-500+000),Recibe," Via ferrea Pacifico-Norte (actualmente Ferrocarril Mexicano, S.A. de C.V.)",2021-06-01
waybill_codigo_derecho_paso_66,CDP067,PN-8,Topo Grande (Km. M-528+000),Chipinque (Km. M-552+000),Otorga,"Via ferrea del Noroeste (Actualmente Kansas City Southern de Mexico, S.A de C.V.)",2021-06-01
waybill_codigo_derecho_paso_67,CDP068,PN-8,Topo Grande (Km. M-528+000),Chipinque (Km. M-552+000),Recibe," Via ferrea Pacifico-Norte (actualmente Ferrocarril Mexicano, S.A. de C.V.)",2021-06-01
waybill_codigo_derecho_paso_68,CDP069,PN-9,Celaya (Km. A-289+503),Silao (Km. A-385+000 Y AE-7+000) ,Otorga,"Via ferrea del Noroeste (Actualmente Kansas City Southern de Mexico, S.A de C.V.)",2021-06-01
waybill_codigo_derecho_paso_69,CDP070,PN-9,Celaya (Km. A-289+513),Silao (Km. A-378+000 y AE-7+000),Recibe," Via ferrea Pacifico-Norte (actualmente Ferrocarril Mexicano, S.A. de C.V.)",2021-06-01
waybill_codigo_derecho_paso_70,CDP071,S-1,Santa Fe (Km. V-454+600),Patio de Veracruz (Km. V-470+100 y S-418+800),Recibe," Via ferrea del Sureste (actualmente Ferrosur, S.A. de C.V.)",2021-06-01
waybill_codigo_derecho_paso_71,CDP072,S-1,Santa Fe (Km. V-454+600),Veracruz (Km. V-470+100 y S-419+288),Otorga," Via ferrea del Noreste (actualmente  Kansas City Southern de Mexico, S.A. de C.V.)",2021-06-01
waybill_codigo_derecho_paso_72,CDP073,S-2,Medias Aguas (Km. Z-95+928 = G-299+869) ,Coatzacoalcos (Km. Z-4+709 y FA-0+000 al FA-8+000),Otorga,"Via ferrea de Chiapas, del Mayab, y a los que presten servicio de transporte ferroviario en el  corredor del Istmo de Tehuantepec (actualmente Lineas Chiapas y Mayab) ",2021-06-01
waybill_codigo_derecho_paso_73,CDP074,S-2,Medias Aguas  (Km. Z-95+928 = G-299+869),Coatzacoalcos (Km. Z-4+709 y FA-0+000 al FA-8+000),Recibe,"Via ferrea Sureste (actualmente Ferrosur, S.A de C.V.)",2021-06-01
waybill_codigo_derecho_paso_74,CDP075,S-3,Coatzacoalcos (Km. FA-8+000),Medias Aguas (Km. Z-95+928 = G-299+869),Otorga, Via ferrea de Chiapas (actualmente  Lineas Chiapas y Mayab),2021-06-01
waybill_codigo_derecho_paso_75,CDP076,S-3,Coatzacoalcos (FA-8+000),Medias Aguas (Km. Z-95+928 = G-299+869),Recibe,"Via ferrea Sureste (actualmente Ferrosur, S.A de C.V.)",2021-06-01
waybill_codigo_derecho_paso_76,CDP077,S-5,El Chapo (Km. FA-18+000),Coatzacoalcos (Km. FA-0+000),Otorga, Via ferrea de Chiapas (actualmente  Lineas Chiapas y Mayab),2021-06-01
waybill_codigo_derecho_paso_77,CDP078,S-5,Chapo (Km. FA-18+000),Coatzacoalcos (Km. FA-0+000),Recibe,"Via ferrea Sureste (actualmente Ferrosur, S.A de C.V.)",2021-06-01
waybill_codigo_derecho_paso_78,CDP079,S-6,Coatzacoalcos (Km. FA-0+000),Medias Aguas (Km. Z-95+928 = G-299+869),Otorga, Via ferrea de Chiapas (actualmente  Lineas Chiapas y Mayab),2021-06-01
waybill_codigo_derecho_paso_79,CDP080,S-6,Coatzacoalcos (Km. FA-0+000),Medias Aguas (Km. Z-95+928 = G-299+869),Recibe,"Via ferrea Sureste (actualmente Ferrosur, S.A de C.V.)",2021-06-01
waybill_codigo_derecho_paso_80,CDP081,S-7,Sanchez (Km. E-150+000),Puebla (Km. VB-109+000),Otorga," Via corta de Oaxaca (actualmente Ferrosur, S.A. de C.V.)",2021-06-01
waybill_codigo_derecho_paso_81,CDP082,S-7,Sanchez (Km. E-150+000),Puebla (VB-109+000),Recibe,"  Troncal del Sureste (actualmente Ferrosur, S.A. de C.V.)",2021-06-01
waybill_codigo_derecho_paso_82,CDP083,S-8,Empalme Distrito de Atencingo (Km. VB-101+000),Puebla (Km. VB-109+946),Otorga," Via ferrea del Sur (actualmente Ferrosur,  S.A. de C.V.)",2021-06-01
waybill_codigo_derecho_paso_83,CDP084,S-8,Empalme distrito de Atencingo (Km. VB-101+000),Puebla (Km. VB-109+946),Recibe,"  Troncal del Sureste (actualmente Ferrosur, S.A. de C.V.)",2021-06-01
waybill_codigo_derecho_paso_84,CDP085,S-9,Tres Valles (Km. G-133+565),Tierra Blanca (Km G-93+000),Otorga," Via corta tramo Tres Valles -San Cristobal (actualmente Ferrosur, S.A. de C.V.)                     ",2021-06-01
waybill_codigo_derecho_paso_85,CDP086,SUR -1=S-4,Puebla (Km. VB-109+000),Oriental (Km. VB-189+027 = V-217+026),Otorga," Via ferrea del Noreste (actualmente  Kansas City Southern de Mexico, S.A. de C.V.)",2021-06-01
waybill_codigo_derecho_paso_86,CDP087,SUR-1,Puebla (Km. VB-109+000),Oriental (km. VB-189+027 = V-217+026),Recibe," Via ferrea del Sur (actualmente Ferrosur, S.A. de C.V.)",2021-06-01
waybill_codigo_derecho_paso_87,CDP088,SUR-2,Xoxtla (Km. VB-85+500),Empalme distrito de Atencingo  (Km. VB-101+000),Recibe," Via corta del Sur (actualmente  Ferrosur, S.A. de C.V.)",2021-06-01
waybill_codigo_derecho_paso_88,CDP089,SUR-2,Xoxtla (Km. VB-85+500),Empalme distrito de Atencingo (Km. VB-101+000) ,Otorga," Via troncal del Sureste (actualmente Ferrosur,  S.A. de C.V.)",2021-06-01
waybill_codigo_derecho_paso_89,CDP090,SUR-3,San lorenzo (Km. VB-000+600)  ,"Puerto Seco, Puebla",Otorga," Via troncal del Noreste (actualmente Kansas City Southern de  Mexico, S.A. de C.V.",2021-06-01
waybill_codigo_derecho_paso_90,CDP091,TVM-1,Lecheria (Km. H-0+295 = B-21+020),Teotihuacan (Km. VS-0+695),Recibe," Via ferrea de la Terminal del  Valle de Mexico (actualmente Ferrocarril y Terminal del Valle de Mexico, S.A. de C.V.) ",2021-06-01
waybill_codigo_derecho_paso_91,CDP092,TVM-1,Lecheria( Km. H-0+295 = B-21+020),Teotihuacan (Km. VS-0+695),Otorga," Via ferrea del Noreste (actualmente Kansas City Southern de Mexico, S.A. de C.V.",2021-06-01
waybill_codigo_derecho_paso_92,CDP093,TVM-10,Km. S-13+100 = VK-0+000,Km. VK-27+000 ,Recibe,"  Via Ferrocarril y Terminal del Valle de Mexico (actualmente Ferrocarril y Terminal del Valle de Mexico, S.A. de C.V.)",2021-06-01
waybill_codigo_derecho_paso_93,CDP094,TVM-10,S-13+100 = VK -0+000,VK-27+000,Otorga,"Via ferrea del Sureste  (actualmente Ferrosur, S.A. de C.V.)",2021-06-01
waybill_codigo_derecho_paso_94,CDP095,TVM-11,S-0+000 = A-12+386,VK-27+000,Recibe," Via ferrea de la Terminal Ferroviaria del Valle de Mexico, S.A. de C.V.",2021-06-01
waybill_codigo_derecho_paso_95,CDP096,TVM-11,S-0+000 = A-12+386,VK-27+000,Otorga," Via ferrea del Sur (actualmente Ferrosur, S.A. de C.V.)",2021-06-01
waybill_codigo_derecho_paso_96,CDP097,TVM-12,Km. A-2+576 y B-7+715,Km. A-21+500  y B-24+000,Recibe,"  Via Ferrocarril y Terminal del Valle de Mexico (actualmente Ferrocarril y Terminal del Valle de Mexico, S.A. de C.V.)",2021-06-01
waybill_codigo_derecho_paso_97,CDP098,TVM-12,A-2+576,A-21+500,Otorga,"Via ferrea del Sureste  (actualmente Ferrosur, S.A. de C.V.)",2021-06-01
waybill_codigo_derecho_paso_98,CDP099,TVM-13,Jaltocan (Km. H-18+800),Pantaco (Km. B-7+715 y A-2+576),Recibe,"  Via Ferrocarril y Terminal del Valle de Mexico (actualmente Ferrocarril y Terminal del Valle de Mexico, S.A. de C.V.)",2021-06-01
waybill_codigo_derecho_paso_99,CDP100,TVM-13,Jaltocan (Km. H-18+800),Pantaco (Km. B-7+715 y A-2+576),Otorga," Via ferrea de Hidalgo (actualmente Ferrosur, S.A. de C.V.)",2021-06-01
waybill_codigo_derecho_paso_100,CDP101,TVM-14,Huehuetoca (Km. A-47+000) ,Lecheria (Km. A-21+500),Recibe,"  Via Ferrocarril y Terminal del Valle de Mexico (actualmente Ferrocarril y Terminal del Valle de Mexico, S.A. de C.V.)",2021-06-01
waybill_codigo_derecho_paso_101,CDP102,TVM-2,Terminal de Valle de Mexico (Km. A-12+386 = S-0+000),Teotihuacan (Km. S-43+483),Recibe," Via ferrea de la Terminal del  Valle de Mexico (actualmente Ferrocarril y Terminal del Valle de Mexico, S.A. de C.V.) ",2021-06-01
waybill_codigo_derecho_paso_102,CDP103,TVM-2,Terminal del Valle de Mexico (Km. A-12+386 = S-0+000),Teotihuacan (Km. S-43+483),Otorga," Via ferrea del Noreste (actualmente Kansas City Southern de Mexico, S.A. de C.V.",2021-06-01
waybill_codigo_derecho_paso_103,CDP104,TVM-3,Kilometros VK-24+883 = V-18+781,Los Reyes (Km. VK-27+000),Recibe," Via ferrea de la Terminal del  Valle de Mexico (actualmente Ferrocarril y Terminal del Valle de Mexico, S.A. de C.V.) ",2021-06-01
waybill_codigo_derecho_paso_104,CDP105,TVM-3,Kilometros VK-24+883 = V-18+781,Los Reyes  (Km. VK-27+000),Otorga," Via ferrea del Noreste (actualmente Kansas City Southern de Mexico, S.A. de C.V.",2021-06-01
waybill_codigo_derecho_paso_105,CDP106,TVM-4,Naucalpan (Km. N-11+000),Pantaco (Km. A-4+138),Recibe," Via ferrea de la Terminal del  Valle de Mexico (actualmente Ferrocarril y Terminal del Valle de Mexico, S.A. de C.V.) ",2021-06-01
waybill_codigo_derecho_paso_106,CDP107,TVM-4,Naucalpan (Km. N-11+000),Pantaco (Km. A-4+138),Otorga," Via ferrea del Noreste (actualmente Kansas City Southern de Mexico, S.A. de C.V.",2021-06-01
waybill_codigo_derecho_paso_107,CDP108,TVM-5,Kilometros N-1+095,N-2+438 = CNA -0+000,Recibe," Via ferrea de la Terminal del  Valle de Mexico (actualmente Ferrocarril y Terminal del Valle de Mexico, S.A. de C.V.) ",2021-06-01
waybill_codigo_derecho_paso_108,CDP109,TVM-5,N-1+095,N-2+438 = CNA -0+000,Otorga," Via ferrea del Noreste (actualmente Kansas City Southern de Mexico, S.A. de C.V.",2021-06-01
waybill_codigo_derecho_paso_109,CDP110,TVM-6,A-2+576 ,A-43+969,Recibe,"Via ferrea del Noroeste (Actualmente Kansas City Southern de Mexico, S.A de C.V.)",2021-06-01
waybill_codigo_derecho_paso_110,CDP111,TVM-6,A-2+576,A-43+969,Otorga,"Via ferrea del Pacifico-Norte (actualmente Ferrocarril Mexicano, S.A. de C.V.)",2021-06-01
waybill_codigo_derecho_paso_111,CDP112,TVM-7,A-2+576,A-44+000,Recibe," Via ferrea de la Terminal del  Valle de Mexico (actualmente Ferrocarril y Terminal del Valle de Mexico, S.A. de C.V.) ",2021-06-01
waybill_codigo_derecho_paso_112,CDP113,TVM-7,A-2+576,A-43+969,Otorga," Via ferrea del Noreste (actualmente Kansas City Southern de Mexico, S.A. de C.V.",2021-06-01
waybill_codigo_derecho_paso_113,CDP114,TVM-8,Km. H-0+295 = B-21+020, Km. S-47+616,Recibe,"  Via Ferrocarril y Terminal del Valle de Mexico (actualmente Ferrocarril y Terminal del Valle de Mexico, S.A. de C.V.)",2021-06-01
waybill_codigo_derecho_paso_114,CDP115,TVM-8,H-0+295 = B-21+020,S-47+616,Otorga,"Via ferrea del Sureste  (actualmente Ferrosur, S.A. de C.V.)",2021-06-01
waybill_codigo_derecho_paso_115,CDP116,TVM-9,S-0+000 = A-12+386,S-47+616 (Teotihuacan),Recibe,"  Via Ferrocarril y Terminal del Valle de Mexico (actualmente Ferrocarril y Terminal del Valle de Mexico, S.A. de C.V.)",2021-06-01
waybill_codigo_derecho_paso_116,CDP117,TVM-9,S-0+000 = A-12+386,S-43+483,Otorga,"Via ferrea del Sureste  (actualmente Ferrosur, S.A. de C.V.)",2021-06-01
waybill_codigo_derecho_paso_117,CDP118,TEMP-1,Arellano (Km. A-574+000),Silao ,Recibe," Via ferrea Pacifico-Norte (actualmente Ferrocarril Mexicano, S.A. de C.V.)",2021-06-01
waybill_codigo_derecho_paso_118,CDP119,TEMP-2,Santa Fe (Km. V454+600),Jalapa (V-338+600),Recibe," Via ferrea del Noreste (actualmente Kansas City Southern de Mexico, S.A. de C.V.)",2021-06-01
